game_id,player_name
143979027,bumster
143979027,endgamedos
143979027,loui8sdstk
143979582,bumster
143979582,endgamedos
143979582,loui8sdstk
146138968,dicedstk
146138968,diggs
146138968,endgamedos
146138968,skandaras
146253750,bumster
146253750,diggs
146253750,endgamedos
147998659,endgamedos
148936442,endgamedos
148941991,endgamedos
155442577,2dmin
155443429,2dmin
155452931,2dmin
155453774,2dmin
155685984,2dmin
155725896,2dmin
155745282,2dmin
155914353,2dmin
155914353,diggs
155915402,2dmin
155921883,2dmin
155923442,2dmin
155923442,diggs
155928994,2dmin
155996772,2dmin
155998390,2dmin
156021662,2dmin
156048889,2dmin
156056085,2dmin
156057022,2dmin
156058162,2dmin
156073563,2dmin
167462253,loui9sdstk
167462253,skandaras
167462253,smatties
167462911,loui9sdstk
167462911,skandaras
167462911,smatties
167473634,loui9sdstk
167473634,skandaras
167473634,smatties
167534399,loui9sdstk
167534399,skandaras
167534399,smatties
168856100,loui9sdstk
168856100,menelaus34
168856100,smatties
168866830,loui9sdstk
168866830,menelaus34
168866830,smatties
169895484,loui9sdstk
169895484,skandaras
173462038,dicedstk
173462038,loui9sdstk
173462038,menelaus34
173462038,smatties
173797911,dicedstk
173797911,loui9sdstk
173797911,menelaus34
173797911,skandaras
173807171,dicedstk
173807171,loui9sdstk
173807171,menelaus34
173807171,skandaras
173807171,smatties
175003590,loui9sdstk
175003590,menelaus34
175003590,skandaras
175003590,smatties
175014026,loui9sdstk
175014026,menelaus34
175014026,skandaras
175014026,smatties
175693103,bumster
175693103,loui9sdstk
175693103,menelaus34
175693103,skandaras
175693103,smatties
175863818,loui9sdstk
175863818,menelaus34
175863818,skandaras
176043819,mwaxy
176045823,mwaxy
176046647,mwaxy
176101243,mwaxy
176108703,mwaxy
176111411,mwaxy
176113489,mwaxy
176127263,bumster
176127263,diggs
176127263,menelaus34
176127263,mwaxy
176132964,bumster
176132964,diggs
176132964,menelaus34
176132964,mwaxy
176167442,mwaxy
176167615,mwaxy
176176778,mwaxy
176178735,bumster
176178735,dicedstk
176178735,mwaxy
176178735,skandaras
176178735,smatties
176179085,bumster
176179085,dicedstk
176179085,mwaxy
176179085,skandaras
176179085,smatties
176212335,bumster
176212335,mwaxy
176212335,skandaras
176274063,mwaxy
176274643,mwaxy
176288788,mwaxy
176340965,dicedstk
176340965,loui9sdstk
176340965,menelaus34
176340965,skandaras
176340965,smatties
176342513,dicedstk
176342513,loui9sdstk
176342513,menelaus34
176342513,skandaras
176342513,smatties
176342971,dicedstk
176342971,loui9sdstk
176342971,menelaus34
176342971,skandaras
176342971,smatties
176351370,mwaxy
176351489,dicedstk
176351489,loui9sdstk
176351489,menelaus34
176351489,skandaras
176351489,smatties
176351798,mwaxy
176353333,dicedstk
176353333,loui9sdstk
176353333,menelaus34
176353333,skandaras
176353333,smatties
176407459,dicedstk
176407459,diggs
176407459,skandaras
176416372,diggs
176416372,loui8sdstk
176416372,skandaras
176594234,diggs
176594234,loui8sdstk
176594234,menelaus34
176594234,skandaras
176617521,dicedstk
176617521,diggs
176617521,skandaras
176629759,bumster
176629759,diggs
176629759,loui8sdstk
176629759,skandaras
176641111,bumster
176641111,diggs
176641111,loui8sdstk
176641111,skandaras
176728050,loui8sdstk
176728050,skandaras
176728050,smatties
176737693,diggs
176737693,loui8sdstk
176737693,skandaras
176738342,loui8sdstk
176738342,skandaras
176738342,smatties
176738793,loui8sdstk
176738793,skandaras
176738793,smatties
176835876,bumster
176835876,dicedstk
176835876,diggs
176835876,loui8sdstk
176848108,bumster
176848108,dicedstk
176848108,loui9sdstk
176848108,menelaus34
176848108,skandaras
176888185,diggs
176888185,loui8sdstk
176897603,diggs
176897603,loui8sdstk
177006333,diggs
177006333,loui8sdstk
177015706,diggs
177015706,loui8sdstk
177027312,bumster
177027312,diggs
177027312,loui8sdstk
177118769,dicedstk
177118769,loui8sdstk
177118769,smatties
177465330,bumster
177465330,dicedstk
177465330,diggs
177465330,skandaras
177571962,dicedstk
177571962,loui8sdstk
177571962,smatties
177601228,bumster
177601228,loui8sdstk
177601228,menelaus34
177601228,skandaras
177628756,loui8sdstk
177628756,skandaras
177628756,smatties
177637803,menelaus34
177637803,skandaras
177637803,smatties
177655014,diggs
177655014,loui8sdstk
177655014,menelaus34
177655014,skandaras
177656591,diggs
177656591,loui8sdstk
177656591,menelaus34
177656591,skandaras
178152014,dicedstk
178152014,skandaras
178152014,smatties
178260971,loui8sdstk
178260971,skandaras
178260971,smatties
178279785,skandaras
178279785,smatties
178307595,bumster
178332484,diggs
178332992,diggs
178332992,loui8sdstk
178337735,dicedstk
178337735,menelaus34
178337735,skandaras
178337735,smatties
178348181,bumster
178348181,diggs
178348181,loui8sdstk
178348181,menelaus34
178348181,skandaras
178349468,bumster
178349468,menelaus34
178349468,skandaras
178349468,smatties
178353228,bumster
178353228,diggs
178353228,loui8sdstk
178353228,menelaus34
178360878,bumster
178360878,menelaus34
178360878,skandaras
178360878,smatties
178890139,loui8sdstk
178890139,menelaus34
178890139,skandaras
178891356,loui8sdstk
178891356,menelaus34
178891356,skandaras
178893915,menelaus34
178893915,skandaras
178900471,loui8sdstk
178900471,menelaus34
178900471,skandaras
178904166,menelaus34
178904166,skandaras
178904939,dicedstk
178904939,menelaus34
178904939,skandaras
178905617,dicedstk
178905617,menelaus34
178905617,skandaras
179022887,bumster
179022887,dicedstk
179022887,skandaras
179044553,bumster
179044553,skandaras
179076341,bumster
179076341,skandaras
179095530,bumster
179095530,skandaras
179104913,menelaus34
179111861,menelaus34
179376223,bumster
179487146,bumster
179488899,bumster
179587960,endgamedos
179587960,loui8sdstk
179587960,skandaras
179590344,menelaus34
179597030,endgamedos
179597030,skandaras
179666967,dicedstk
179666967,skandaras
179667533,dicedstk
179667533,skandaras
179671742,dicedstk
179720524,dicedstk
179720524,skandaras
179722825,dicedstk
179722825,skandaras
179723961,bumster
179724782,bumster
179729127,loui8sdstk
179729127,skandaras
179731457,dicedstk
179731457,skandaras
179732175,dicedstk
179732175,skandaras
179734236,bumster
179735030,dicedstk
179735418,bumster
179738658,dicedstk
179738658,skandaras
179838682,loui8sdstk
179838682,skandaras
179857787,loui8sdstk
179857787,skandaras
179858743,bumster
179859510,loui8sdstk
179859510,menelaus34
179859510,skandaras
179878188,menelaus34
179879855,menelaus34
179881482,loui8sdstk
179881482,skandaras
179888831,loui8sdstk
179888831,skandaras
179900112,loui8sdstk
179900112,skandaras
179900716,loui8sdstk
179900716,skandaras
179901443,loui8sdstk
179901443,skandaras
179909190,loui8sdstk
179909190,skandaras
179909689,loui8sdstk
179909689,skandaras
179941399,dicedstk
179941399,loui8sdstk
179941399,skandaras
179949405,loui8sdstk
179949447,dicedstk
179950281,loui8sdstk
179950281,skandaras
179951612,dicedstk
179951612,loui8sdstk
179951612,skandaras
179959555,dicedstk
180062744,dicedstk
180062744,skandaras
180080816,dicedstk
180081407,dicedstk
180085078,loui8sdstk
180089492,loui8sdstk
180089492,skandaras
180117114,menelaus34
180130313,loui8sdstk
180130313,skandaras
180131321,dicedstk
180131554,loui8sdstk
180131554,menelaus34
180131554,skandaras
180131839,dicedstk
180132740,skandaras
180140548,menelaus34
180140548,skandaras
180141806,loui8sdstk
180141806,skandaras
180142016,dicedstk
180142495,dicedstk
180142663,skandaras
180152084,menelaus34
180201290,bumster
180207382,bumster
180311659,loui8sdstk
180316114,dicedstk
180316114,menelaus34
180324815,dicedstk
180324815,menelaus34
180329513,dicedstk
180329674,loui8sdstk
180368021,menelaus34
180372174,dicedstk
180372904,dicedstk
180372904,menelaus34
180378341,dicedstk
180383404,menelaus34
180383990,endgamedos
180385412,bumster
180385412,endgamedos
180389348,bumster
180389348,dicedstk
180389348,menelaus34
180392811,dicedstk
180392811,menelaus34
180393840,dicedstk
180396877,dicedstk
180405973,menelaus34
180437951,loui8sdstk
180438890,dicedstk
180439027,dicedstk
180439027,loui8sdstk
180447510,loui8sdstk
180467632,menelaus34
180535304,loui8sdstk
180535606,loui8sdstk
180536729,endgamedos
180536729,loui8sdstk
180545120,loui8sdstk
180546297,dicedstk
180546297,menelaus34
180547102,dicedstk
180583863,menelaus34
180584809,menelaus34
180704973,dicedstk
180714867,menelaus34
180715449,dicedstk
180715449,menelaus34
180716186,dicedstk
180716186,loui8sdstk
180716186,skandaras
180716826,dicedstk
180716826,loui8sdstk
180716826,skandaras
180733177,bumster
180753612,menelaus34
180765530,bumster
180774789,skandaras
180775625,dicedstk
180775625,skandaras
180776296,dicedstk
180776296,menelaus34
180776296,skandaras
180812044,skandaras
180813532,loui8sdstk
180813532,skandaras
180822584,skandaras
180823015,skandaras
180829058,loui8sdstk
180830510,bumster
180845184,bumster
180845184,loui8sdstk
180845184,menelaus34
180845184,skandaras
180847355,bumster
180847355,loui8sdstk
180847355,menelaus34
180912198,bumster
180912198,loui8sdstk
180912198,menelaus34
180920131,bumster
180920131,loui8sdstk
180930734,loui8sdstk
180964278,bumster
181013187,dicedstk
181013674,bumster
181013674,dicedstk
181013915,diggs
181013915,loui8sdstk
181016830,loui8sdstk
181016830,skandaras
181016830,smatties
181023828,bumster
181023828,dicedstk
181036498,bumster
181036498,dicedstk
181036498,diggs
181036498,loui8sdstk
181036498,skandaras
181038353,dicedstk
181038353,diggs
181038353,loui8sdstk
181038353,skandaras
181038353,smatties
181052643,dicedstk
181052643,diggs
181052643,endgamedos
181052643,skandaras
181054398,dicedstk
181054398,diggs
181054398,endgamedos
181054398,skandaras
181073529,endgamedos
181073529,skandaras
181073529,smatties
181074800,skandaras
181075206,dicedstk
181075206,skandaras
181075206,smatties
181083640,endgamedos
181083640,skandaras
181083640,smatties
181084159,skandaras
181084159,smatties
181086085,dicedstk
181086085,loui8sdstk
181086085,menelaus34
181086085,skandaras
181086085,smatties
181086687,dicedstk
181086687,loui8sdstk
181086687,menelaus34
181086687,skandaras
181086687,smatties
181104292,endgamedos
181104292,skandaras
181116460,dicedstk
181116460,diggs
181116460,menelaus34
181116460,skandaras
181181366,endgamedos
181192156,skandaras
181194091,skandaras
181195027,skandaras
181195433,skandaras
181213452,skandaras
181216768,endgamedos
181216768,loui8sdstk
181216768,menelaus34
181216768,skandaras
181216768,smatties
181217522,dicedstk
181217522,menelaus34
181217522,skandaras
181226871,dicedstk
181226871,endgamedos
181226871,skandaras
181234768,bumster
181234768,loui8sdstk
181242094,bumster
181242094,loui8sdstk
181243191,loui8sdstk
181262135,skandaras
181262369,skandaras
181262822,skandaras
181264650,diggs
181266310,dicedstk
181267680,dicedstk
181267680,menelaus34
181268414,dicedstk
181268414,loui8sdstk
181271666,skandaras
181273104,skandaras
181273104,smatties
181274912,diggs
181324255,diggs
181324255,loui8sdstk
181335066,skandaras
181335066,smatties
181377539,menelaus34
181378686,menelaus34
181414825,menelaus34
181443674,loui8sdstk
181445210,dicedstk
181445210,menelaus34
181454142,dicedstk
181454142,menelaus34
181454791,dicedstk
181454791,menelaus34
181455074,bumster
181484528,bumster
181484528,dicedstk
181484528,menelaus34
181491795,bumster
181491795,dicedstk
181491795,menelaus34
181492990,bumster
181492990,dicedstk
181492990,menelaus34
181503598,dicedstk
181506266,loui8sdstk
181511965,dicedstk
181512923,dicedstk
181514635,dicedstk
181515337,dicedstk
181515337,loui8sdstk
181580155,loui8sdstk
181580771,loui8sdstk
181587318,menelaus34
181607742,menelaus34
181608363,menelaus34
181751943,loui8sdstk
181751943,skandaras
181752869,loui8sdstk
181752869,skandaras
181762047,loui8sdstk
181762047,skandaras
181830818,dicedstk
181832006,loui8sdstk
181832006,skandaras
181966802,menelaus34
182004478,dicedstk
182004478,loui8sdstk
182005642,dicedstk
182005642,loui8sdstk
182006135,dicedstk
182006135,loui8sdstk
182006731,dicedstk
182006731,menelaus34
182020709,menelaus34
182021588,menelaus34
182083533,dicedstk
182085337,dicedstk
182085337,menelaus34
182107949,diggs
182107949,loui8sdstk
182107949,menelaus34
182107949,skandaras
182175409,loui8sdstk
182175409,skandaras
182179884,dicedstk
182179884,menelaus34
182313590,dicedstk
182313590,loui8sdstk
182316837,dicedstk
182316837,loui8sdstk
182316837,menelaus34
182317686,dicedstk
182317686,loui8sdstk
182317686,menelaus34
182324528,dicedstk
182324528,menelaus34
182325137,dicedstk
182325137,menelaus34
182397098,dicedstk
182397098,endgamedos
182397098,loui8sdstk
182397098,skandaras
182397098,smatties
182399626,dicedstk
182405332,dicedstk
182453840,skandaras
182453840,smatties
182462902,dicedstk
182589359,loui8sdstk
182589359,skandaras
182599578,loui8sdstk
182599578,skandaras
182640780,dicedstk
182775406,dicedstk
182815756,loui8sdstk
182815756,skandaras
182816678,loui8sdstk
182816678,skandaras
182818458,dicedstk
182839027,dicedstk
182920095,dicedstk
182920927,endgamedos
182921052,dicedstk
182921485,endgamedos
182923520,endgamedos
182969031,endgamedos
182976323,endgamedos
182986669,endgamedos
183031151,dicedstk
183032611,dicedstk
183130662,endgamedos
183130662,skandaras
183135633,dicedstk
183138089,dicedstk
183141061,endgamedos
183142436,dicedstk
183143162,dicedstk
183144108,dicedstk
183154617,endgamedos
183181967,dicedstk
183181967,skandaras
183181967,smatties
183183059,bumster
183183059,dicedstk
183183059,skandaras
183190638,skandaras
183190638,smatties
183225656,skandaras
183227846,endgamedos
183227846,loui8sdstk
183227846,skandaras
183228736,loui8sdstk
183228736,skandaras
183234276,skandaras
183236706,loui8sdstk
183236706,skandaras
183288655,dicedstk
183322031,dicedstk
183330590,dicedstk
183407196,dicedstk
183407196,loui8sdstk
183407196,skandaras
183408649,loui8sdstk
183408649,skandaras
183445915,dicedstk
183445915,loui8sdstk
183449729,dicedstk
183449729,loui8sdstk
183449729,skandaras
183522539,skandaras
183522539,smatties
183523418,skandaras
183523418,smatties
183524212,skandaras
183524212,smatties
183525402,skandaras
183525402,smatties
183534024,dicedstk
183535512,dicedstk
183575109,dicedstk
183599965,endgamedos
183629742,dicedstk
183636318,dicedstk
183637969,dicedstk
183643711,endgamedos
183647320,endgamedos
183647434,endgamedos
183647898,endgamedos
183751060,endgamedos
183751289,endgamedos
183756648,endgamedos
183764585,endgamedos
183767024,bumster
183767024,endgamedos
183773832,bumster
183791690,dicedstk
183792516,dicedstk
183794760,dicedstk
183820466,dicedstk
183857949,loui8sdstk
183861103,skandaras
183861103,smatties
183897649,dicedstk
183899674,dicedstk
183908069,loui8sdstk
183908375,dicedstk
183909238,loui8sdstk
183960202,loui8sdstk
183961042,dicedstk
184064490,endgamedos
184070670,endgamedos
184083681,endgamedos
184089853,endgamedos
184090476,endgamedos
184090908,endgamedos
184111362,dicedstk
184112806,dicedstk
184125950,loui8sdstk
184125950,mwaxy
184136710,loui8sdstk
184139729,menelaus34
184161856,menelaus34
184163564,loui8sdstk
184163564,skandaras
184164758,loui8sdstk
184164758,skandaras
184172199,dicedstk
184173169,dicedstk
184173169,menelaus34
184175600,loui8sdstk
184175600,skandaras
184176330,loui8sdstk
184180239,loui8sdstk
184190514,loui8sdstk
184201916,endgamedos
184201916,loui8sdstk
184201916,skandaras
184207603,loui8sdstk
184207603,skandaras
184209339,dicedstk
184210311,loui8sdstk
184210311,skandaras
184210311,smatties
184212994,loui8sdstk
184212994,skandaras
184215597,endgamedos
184215597,menelaus34
184217231,dicedstk
184217231,menelaus34
184218860,loui8sdstk
184218860,skandaras
184247141,dicedstk
184281719,endgamedos
184283278,dicedstk
184283278,endgamedos
184283278,loui8sdstk
184283278,skandaras
184283278,smatties
184284752,dicedstk
184284752,endgamedos
184284752,loui8sdstk
184284752,skandaras
184284752,smatties
184285795,dicedstk
184285795,endgamedos
184285795,menelaus34
184285795,skandaras
184285795,smatties
184287211,dicedstk
184287211,menelaus34
184340284,dicedstk
184349832,dicedstk
184353533,dicedstk
184353533,skandaras
184354402,endgamedos
184355345,dicedstk
184355345,loui8sdstk
184355345,skandaras
184366467,endgamedos
184366775,endgamedos
184367194,endgamedos
184376203,endgamedos
184395634,endgamedos
184407967,dicedstk
184409284,dicedstk
184424741,dicedstk
184425083,skandaras
184425083,smatties
184433583,skandaras
184433583,smatties
184434457,endgamedos
184436004,skandaras
184436004,smatties
184436312,dicedstk
184499394,dicedstk
184499394,skandaras
184499394,smatties
184510828,loui8sdstk
184510828,skandaras
184510828,smatties
184554392,skandaras
184554392,smatties
184555945,skandaras
184555945,smatties
184557904,skandaras
184557904,smatties
184559698,dicedstk
184559698,skandaras
184559698,smatties
184568677,bumster
184574381,endgamedos
184621381,dicedstk
184621381,skandaras
184621381,smatties
184622510,dicedstk
184622510,skandaras
184625316,loui8sdstk
184633731,loui8sdstk
184654127,loui8sdstk
184654127,skandaras
184654127,smatties
184656137,skandaras
184656137,smatties
184657133,skandaras
184657133,smatties
184658532,skandaras
184658532,smatties
184670931,skandaras
184670931,smatties
184707332,loui8sdstk
184707332,skandaras
184707332,smatties
184717785,loui8sdstk
184717785,skandaras
184717785,smatties
184719279,loui8sdstk
184719279,skandaras
184719279,smatties
184719672,endgamedos
184721631,loui8sdstk
184721631,skandaras
184721631,smatties
184722121,dicedstk
184722750,endgamedos
184723184,dicedstk
184730755,endgamedos
184900133,skandaras
184900133,smatties
184939730,loui8sdstk
184941102,dicedstk
184953305,dicedstk
184990984,loui8sdstk
185002133,loui8sdstk
185080445,dicedstk
185081664,skandaras
185081664,smatties
185083913,dicedstk
185083913,skandaras
185083913,smatties
185085621,dicedstk
185085621,skandaras
185085621,smatties
185096537,loui8sdstk
185105669,dicedstk
185105669,skandaras
185106561,diggs
185229792,loui8sdstk
185229792,skandaras
185235494,dicedstk
185289870,loui8sdstk
185289870,skandaras
185296992,loui8sdstk
185296992,skandaras
185298387,loui8sdstk
185298387,skandaras
185321885,loui8sdstk
185321885,skandaras
185324137,dicedstk
185332212,dicedstk
185362882,dicedstk
185365988,dicedstk
185374179,dicedstk
185380697,dicedstk
185568807,mwaxy
185590561,mwaxy
185592193,mwaxy
185593874,mwaxy
185627963,endgamedos
185627963,mwaxy
185628632,endgamedos
185628632,mwaxy
185633296,mwaxy
185634575,mwaxy
185725222,mwaxy
185731894,mwaxy
185774158,mwaxy
185786424,mwaxy
185806834,mwaxy
185837882,mwaxy
185846014,mwaxy
185856164,loui8sdstk
185864075,loui8sdstk
185868298,mwaxy
185876046,loui8sdstk
185880345,mwaxy
185897242,mwaxy
185905585,mwaxy
185922313,mwaxy
185981574,dicedstk
186018737,mwaxy
186046033,loui8sdstk
186048318,mwaxy
186054294,loui9sdstk
186054294,skandaras
186149984,mwaxy
186192582,skandaras
186201306,dicedstk
186202682,dicedstk
186248628,mwaxy
186253159,mwaxy
186274732,mwaxy
186282388,mwaxy
186308646,endgamedos
186308646,skandaras
186319073,diggs
186319073,loui8sdstk
186332966,skandaras
186332966,smatties
186336690,skandaras
186336690,smatties
186344070,skandaras
186344070,smatties
186348647,skandaras
186348647,smatties
186410550,skandaras
186410550,smatties
186413438,skandaras
186413438,smatties
186424488,loui9sdstk
186424488,skandaras
186433298,endgamedos
186434142,bumster
186434142,endgamedos
186435177,bumster
186435177,endgamedos
186513007,bumster
186513007,diggs
186513007,endgamedos
186513007,skandaras
186519374,bumster
186519374,diggs
186522253,bumster
186522253,diggs
186522253,endgamedos
186522253,skandaras
186523667,endgamedos
186524665,endgamedos
186708808,mwaxy
186715749,endgamedos
186721921,endgamedos
186726285,loui8sdstk
186726285,skandaras
186947844,endgamedos
186952100,endgamedos
186953408,endgamedos
187726478,diggs
187726478,loui8sdstk
187726478,mwaxy
187726478,skandaras
187727153,diggs
187727153,loui8sdstk
187727153,mwaxy
187727153,skandaras
187738737,diggs
187738737,mwaxy
187738737,skandaras
187739887,diggs
187739887,mwaxy
187739887,skandaras
187754556,diggs
187754556,loui8sdstk
187754556,mwaxy
187756120,diggs
187756120,loui8sdstk
187756120,mwaxy
187768269,diggs
187768269,endgamedos
187768269,loui8sdstk
187822267,diggs
187822267,endgamedos
187822267,mwaxy
187830327,diggs
187830327,endgamedos
187904960,diggs
187904960,loui8sdstk
187904960,skandaras
187912407,diggs
187912407,skandaras
188295330,dicedstk
188295330,loui8sdstk
188332321,mwaxy
188333544,mwaxy
188383043,mwaxy
188384713,mwaxy
188390737,mwaxy
188391850,mwaxy
188428721,endgamedos
188434268,endgamedos
188436771,endgamedos
188502281,mwaxy
188503455,endgamedos
188504498,mwaxy
188505394,endgamedos
188505394,mwaxy
188516772,endgamedos
188516772,mwaxy
188535369,endgamedos
188544465,endgamedos
188544801,endgamedos
188547397,diggs
188547397,endgamedos
188547397,mwaxy
188547397,skandaras
188549409,bumster
188554063,diggs
188554063,skandaras
188556344,diggs
188556344,endgamedos
188556344,mwaxy
188556344,skandaras
188604193,dicedstk
188604193,diggs
188604193,mwaxy
188604193,skandaras
188612475,skandaras
188612475,smatties
188615258,dicedstk
188615258,diggs
188615258,mwaxy
188615258,skandaras
188628447,endgamedos
188646498,loui8sdstk
188650083,endgamedos
188657748,loui8sdstk
188742862,skandaras
188742862,smatties
188743281,skandaras
188743281,smatties
188745797,skandaras
188745797,smatties
188773096,dicedstk
188824489,endgamedos
188826399,dicedstk
188839012,loui8sdstk
188839012,skandaras
188865928,mwaxy
188867098,mwaxy
188868394,mwaxy
188881807,dicedstk
188900253,mwaxy
188902794,endgamedos
188937166,mwaxy
188952781,dicedstk
188957933,endgamedos
188957933,skandaras
188964380,dicedstk
188969591,dicedstk
188969591,skandaras
189021282,dicedstk
189021282,loui8sdstk
189021282,skandaras
189065594,dicedstk
189069628,dicedstk
189069628,loui8sdstk
189069628,skandaras
189077509,dicedstk
189077509,loui8sdstk
189077509,skandaras
189079385,endgamedos
189081391,endgamedos
189090636,dicedstk
189090636,loui8sdstk
189090636,skandaras
189092564,dicedstk
189092564,skandaras
189092910,endgamedos
189094764,endgamedos
189095901,dicedstk
189095901,skandaras
189097542,dicedstk
189118882,dicedstk
189134655,bumster
189134655,skandaras
189212448,dicedstk
189236660,mwaxy
189368750,loui8sdstk
189368750,skandaras
189376001,loui8sdstk
189376001,skandaras
189380971,loui8sdstk
189380971,skandaras
189445777,loui8sdstk
189445777,skandaras
189456771,loui8sdstk
189456771,skandaras
189534588,loui8sdstk
189554884,loui8sdstk
189556534,loui8sdstk
189600770,loui8sdstk
189600770,skandaras
189608787,skandaras
189608787,smatties
189621797,dicedstk
189890849,dicedstk
189890849,diggs
189890849,skandaras
189892234,dicedstk
189892234,skandaras
189892234,smatties
189935514,diggs
189935514,loui8sdstk
189935514,skandaras
189937732,diggs
189937732,loui8sdstk
189937732,skandaras
189960000,diggs
189960000,loui8sdstk
189964040,dicedstk
190572269,skandaras
190572269,smatties
190589032,endgamedos
192082206,diggs
192082206,endgamedos
192082206,loui8sdstk
192894156,bumster
192894156,diggs
192894156,mwaxy
192894156,skandaras
192896345,bumster
192896345,diggs
192896345,menelaus34
192896345,mwaxy
192896345,skandaras
192907769,bumster
192907769,diggs
192907769,menelaus34
192907769,mwaxy
192907769,skandaras
193673656,bumster
193673656,skandaras
193691342,bumster
193691342,menelaus34
193691342,mwaxy
193691342,skandaras
193719934,dicedstk
193719934,diggs
193719934,loui8sdstk
193719934,mwaxy
193719934,smatties
193730960,bumster
193730960,dicedstk
193730960,diggs
193730960,loui8sdstk
193730960,mwaxy
193732428,bumster
193732428,dicedstk
193732428,diggs
193732428,mwaxy
193732428,skandaras
193742980,bumster
193742980,dicedstk
193742980,diggs
193742980,mwaxy
193742980,skandaras
194735688,bumster
194735688,loui8sdstk
194735688,mwaxy
194735688,skandaras
194747100,bumster
194747100,loui8sdstk
194747100,mwaxy
194747100,skandaras
194814991,bumster
194814991,dicedstk
194814991,menelaus34
194814991,mwaxy
194814991,skandaras
194816543,bumster
194816543,dicedstk
194816543,menelaus34
194816543,mwaxy
194816543,skandaras
194818377,bumster
194818377,dicedstk
194818377,menelaus34
194818377,mwaxy
194818377,skandaras
194826308,bumster
194826308,dicedstk
194826308,menelaus34
194826308,mwaxy
194826308,skandaras
195019718,bumster
195041281,bumster
195041281,dicedstk
195041281,mwaxy
195041281,skandaras
196927397,endgamedos
196927397,loui8sdstk
197429568,dicedstk
197429568,diggs
197429568,menelaus34
197849930,diggs
197849930,loui8sdstk
197858340,diggs
197858340,loui8sdstk
197870767,diggs
197870767,loui8sdstk
197872702,diggs
197872702,loui8sdstk
197872702,menelaus34
197965341,diggs
197966619,diggs
197966619,menelaus34
197977692,diggs
197977692,menelaus34
197978064,diggs
197978064,menelaus34
197978335,diggs
197978335,menelaus34
198051850,diggs
198052902,diggs
198055289,diggs
198055289,menelaus34
198055289,mwaxy
198056757,diggs
198056757,menelaus34
198056757,mwaxy
198129694,endgamedos
198129694,loui8sdstk
198443546,dicedstk
198443546,diggs
198443546,loui8sdstk
198443546,skandaras
198714640,menelaus34
198781557,menelaus34
198781557,skandaras
198783404,dicedstk
198783404,menelaus34
198783404,skandaras
199043521,loui8sdstk
199051690,loui8sdstk
199053316,loui8sdstk
199100370,loui8sdstk
199100370,skandaras
199111593,loui8sdstk
199111593,skandaras
199155296,menelaus34
199159101,dicedstk
199159101,menelaus34
199159101,skandaras
199243018,mwaxy
199246410,dicedstk
199246410,loui8sdstk
199246410,skandaras
199247575,dicedstk
199247575,loui8sdstk
199247575,mwaxy
199247575,skandaras
199249051,dicedstk
199249051,loui8sdstk
199249051,mwaxy
199249051,skandaras
199267165,dicedstk
199296553,menelaus34
199319638,mwaxy
199325715,menelaus34
199327212,menelaus34
199327212,mwaxy
199327212,skandaras
199335204,menelaus34
199344963,dicedstk
199344963,menelaus34
199353152,dicedstk
199353152,menelaus34
199366720,dicedstk
199413346,mwaxy
199432187,dicedstk
199432187,skandaras
199434348,dicedstk
199434348,loui8sdstk
199434348,menelaus34
199434348,skandaras
199545971,dicedstk
199558097,dicedstk
199558097,skandaras
199667702,mwaxy
199687815,mwaxy
199691860,dicedstk
199698886,loui8sdstk
199698886,skandaras
199700389,loui8sdstk
199700389,skandaras
199724568,mwaxy
199747945,dicedstk
199752885,mwaxy
199820605,mwaxy
199821779,loui8sdstk
199821779,menelaus34
199821779,skandaras
199842810,mwaxy
199854139,mwaxy
199923495,dicedstk
199923495,skandaras
199935982,dicedstk
199935982,skandaras
199942968,dicedstk
199942968,menelaus34
199942968,skandaras
199944126,dicedstk
199944126,menelaus34
199944126,mwaxy
199944126,skandaras
199950359,mwaxy
199950575,menelaus34
199961214,menelaus34
199961343,dicedstk
199987252,loui8sdstk
199994589,mwaxy
199998026,loui8sdstk
199999928,dicedstk
199999928,loui8sdstk
200006169,dicedstk
200006169,diggs
200006169,menelaus34
200006169,skandaras
200007525,dicedstk
200007525,diggs
200007525,menelaus34
200007525,mwaxy
200007525,skandaras
200009423,dicedstk
200009423,diggs
200009423,menelaus34
200009423,mwaxy
200009423,skandaras
200031059,dicedstk
200031059,mwaxy
200031059,skandaras
200045038,diggs
200045038,loui8sdstk
200045038,mwaxy
200045038,skandaras
200048311,loui8sdstk
200055665,diggs
200055665,loui8sdstk
200055665,skandaras
200059462,loui8sdstk
200115991,dicedstk
200115991,diggs
200115991,loui8sdstk
200115991,mwaxy
200115991,skandaras
200130866,loui8sdstk
200198942,dicedstk
200198942,diggs
200198942,skandaras
200216850,dicedstk
200216850,skandaras
200274107,mwaxy
200333848,mwaxy
200334914,mwaxy
200344671,dicedstk
200402512,diggs
200402512,loui8sdstk
200403672,diggs
200403672,loui8sdstk
200445405,mwaxy
200446807,mwaxy
200522144,dicedstk
200534453,loui8sdstk
200537909,diggs
200537909,menelaus34
200539904,diggs
200539904,menelaus34
200543692,mwaxy
200562802,mwaxy
200562974,mwaxy
200587000,dicedstk
200587000,menelaus34
200587000,mwaxy
200592948,dicedstk
200594471,dicedstk
200594471,menelaus34
200594471,mwaxy
200601476,dicedstk
200605329,mwaxy
200607950,dicedstk
200607950,diggs
200607950,menelaus34
200607950,mwaxy
200607950,skandaras
200616003,dicedstk
200616003,diggs
200616003,loui8sdstk
200616003,skandaras
200737078,dicedstk
200737078,diggs
200737078,loui8sdstk
200737078,skandaras
200738955,loui8sdstk
200738955,skandaras
200757906,mwaxy
200766004,mwaxy
200766153,mwaxy
200768266,mwaxy
200769048,mwaxy
200769834,mwaxy
200814344,mwaxy
200818148,mwaxy
200822811,mwaxy
200829283,menelaus34
200829283,mwaxy
200841021,menelaus34
200841021,mwaxy
200842992,diggs
200842992,loui8sdstk
200842992,menelaus34
200842992,skandaras
200854110,diggs
200854110,loui8sdstk
200854110,skandaras
200946576,mwaxy
200947694,mwaxy
200968910,mwaxy
200986715,dicedstk
200986715,diggs
200986715,loui8sdstk
200986715,menelaus34
200986715,skandaras
200988620,dicedstk
200988620,diggs
200988620,loui8sdstk
200988620,menelaus34
200988620,skandaras
200990476,loui8sdstk
200990476,skandaras
201024037,mwaxy
201025296,mwaxy
201034639,mwaxy
201050140,dicedstk
201058918,menelaus34
201061249,menelaus34
201100602,dicedstk
201121344,loui8sdstk
201133145,loui8sdstk
201134324,loui8sdstk
201136159,loui8sdstk
201142952,dicedstk
201142952,skandaras
201151339,dicedstk
201151339,endgamedos
201151339,skandaras
201227152,diggs
201227152,mwaxy
201227152,skandaras
201227601,diggs
201227601,mwaxy
201227601,skandaras
201234023,mwaxy
201239390,diggs
201239390,mwaxy
201239390,skandaras
201250818,dicedstk
201250818,diggs
201250818,mwaxy
201250818,skandaras
201257366,dicedstk
201257366,loui8sdstk
201257366,menelaus34
201259221,dicedstk
201259221,loui8sdstk
201259221,skandaras
201261189,dicedstk
201261189,loui8sdstk
201261189,menelaus34
201261189,skandaras
201266938,dicedstk
201266938,diggs
201266938,loui8sdstk
201266938,menelaus34
201266938,skandaras
201274561,dicedstk
201274561,menelaus34
201274561,skandaras
201280916,loui8sdstk
201287732,loui8sdstk
201288118,loui8sdstk
201290243,loui8sdstk
201308813,menelaus34
201311589,diggs
201311589,loui8sdstk
201312517,diggs
201312517,loui8sdstk
201313566,diggs
201313566,loui8sdstk
201313566,mwaxy
201314942,diggs
201314942,loui8sdstk
201314942,skandaras
201316251,diggs
201316251,loui8sdstk
201316251,skandaras
201319712,menelaus34
201325142,dicedstk
201325142,diggs
201325142,loui8sdstk
201325142,menelaus34
201325142,skandaras
201326288,dicedstk
201326288,diggs
201326288,loui8sdstk
201326288,menelaus34
201326288,skandaras
201344253,mwaxy
201344425,mwaxy
201344652,mwaxy
201347626,diggs
201347626,menelaus34
201347626,mwaxy
201348096,diggs
201348096,menelaus34
201348096,mwaxy
201349963,diggs
201349963,menelaus34
201354484,diggs
201354484,menelaus34
201356274,menelaus34
201356274,mwaxy
201356868,menelaus34
201356868,mwaxy
201362057,mwaxy
201362372,mwaxy
201373010,diggs
201373010,loui8sdstk
201373010,menelaus34
201373010,skandaras
201393086,loui8sdstk
201393086,skandaras
201525123,mwaxy
201528049,dicedstk
201528049,loui8sdstk
201528049,skandaras
201533016,loui8sdstk
201533016,skandaras
201533751,loui8sdstk
201533751,skandaras
201535147,loui8sdstk
201535147,skandaras
201536786,dicedstk
201536786,loui8sdstk
201536786,skandaras
201565201,mwaxy
201574191,mwaxy
201581399,mwaxy
201581442,loui8sdstk
201583681,menelaus34
201583681,mwaxy
201585431,dicedstk
201585431,menelaus34
201598433,dicedstk
201598433,loui8sdstk
201598433,skandaras
201599854,dicedstk
201599854,loui8sdstk
201599854,skandaras
201610882,dicedstk
201610882,loui8sdstk
201610882,skandaras
201611707,mwaxy
201624112,mwaxy
201628118,mwaxy
201652781,menelaus34
201654720,menelaus34
201654720,mwaxy
201660281,mwaxy
201692381,menelaus34
201699401,menelaus34
201699401,skandaras
201711350,dicedstk
201711350,menelaus34
201711350,skandaras
201789199,dicedstk
201789199,menelaus34
201789199,skandaras
201796240,dicedstk
201796240,skandaras
201797431,dicedstk
201797431,skandaras
201799482,mwaxy
201800749,dicedstk
201800749,menelaus34
201800749,skandaras
201819477,menelaus34
201819477,skandaras
201821809,dicedstk
201821809,loui8sdstk
201821809,skandaras
201826346,dicedstk
201826346,menelaus34
201826346,mwaxy
201830185,dicedstk
201830185,loui8sdstk
201830185,skandaras
201844235,dicedstk
201864664,dicedstk
201864664,skandaras
201911718,mwaxy
201912640,mwaxy
201923895,dicedstk
201923895,loui8sdstk
201923895,skandaras
201928537,loui8sdstk
201929447,loui8sdstk
201931609,loui8sdstk
201931609,skandaras
201959943,mwaxy
201961526,mwaxy
201973257,loui8sdstk
201982939,dicedstk
201982939,loui8sdstk
201982939,skandaras
201993800,dicedstk
201993800,loui8sdstk
201993800,skandaras
202141855,mwaxy
202143598,mwaxy
202148712,dicedstk
202148712,loui8sdstk
202148712,skandaras
202149854,dicedstk
202149854,loui8sdstk
202149854,skandaras
202156944,dicedstk
202156944,skandaras
202170674,loui8sdstk
202198526,mwaxy
202203240,mwaxy
202205222,mwaxy
202207175,mwaxy
202227889,dicedstk
202278693,loui8sdstk
202278693,skandaras
202281237,mwaxy
202360353,loui8sdstk
202360353,skandaras
202362345,mwaxy
202364076,mwaxy
202371509,mwaxy
202371748,mwaxy
202372192,mwaxy
202372617,mwaxy
202373303,mwaxy
202380937,mwaxy
202391659,bumster
202396388,mwaxy
202399037,mwaxy
202403844,mwaxy
202419467,bumster
202477134,bumster
202488060,bumster
202488060,menelaus34
202490760,bumster
202490760,dicedstk
202490760,loui8sdstk
202490760,menelaus34
202490760,skandaras
202502016,bumster
202502016,diggs
202502016,loui8sdstk
202502016,menelaus34
202502016,skandaras
202503157,bumster
202503157,diggs
202503157,loui8sdstk
202503157,menelaus34
202503157,skandaras
202504333,bumster
202504333,dicedstk
202504333,diggs
202504333,skandaras
202510137,loui8sdstk
202521096,loui8sdstk
202527737,diggs
202527737,skandaras
202534361,dicedstk
202534361,diggs
202534361,menelaus34
202534361,skandaras
202542226,dicedstk
202542226,diggs
202542226,menelaus34
202542226,skandaras
202613037,menelaus34
202617376,diggs
202617376,menelaus34
202617376,skandaras
202623699,diggs
202623699,menelaus34
202623699,skandaras
202625287,diggs
202625287,menelaus34
202625287,skandaras
202628607,dicedstk
202628607,skandaras
202666072,diggs
202666072,loui8sdstk
202666072,skandaras
202719675,diggs
202719675,loui8sdstk
202719675,skandaras
202729417,diggs
202729417,loui8sdstk
202729417,skandaras
202741001,diggs
202741001,loui8sdstk
202741001,skandaras
202742560,dicedstk
202742560,diggs
202742560,loui8sdstk
202742560,skandaras
202744188,dicedstk
202744188,diggs
202744188,loui8sdstk
202744188,skandaras
202759788,diggs
202771097,diggs
202773023,diggs
202776479,menelaus34
202784200,diggs
202785764,diggs
202787270,diggs
202787270,loui8sdstk
202787270,menelaus34
202790189,diggs
202790189,loui8sdstk
202790189,menelaus34
202790556,dicedstk
202811831,diggs
202834683,diggs
202835793,diggs
202837208,diggs
202895069,diggs
202895069,menelaus34
202897088,dicedstk
202897088,diggs
202897088,menelaus34
202899041,dicedstk
202899041,diggs
202899041,menelaus34
202910912,bumster
202910912,dicedstk
202910912,diggs
202910912,menelaus34
202939672,mwaxy
202947011,mwaxy
202952153,mwaxy
202954453,mwaxy
202955092,bumster
202955092,diggs
202955092,loui8sdstk
202956103,dicedstk
202956103,menelaus34
202956103,mwaxy
202958309,dicedstk
202958309,menelaus34
202966016,diggs
202966016,loui8sdstk
202984712,diggs
202984712,skandaras
202985586,diggs
202985586,menelaus34
202985586,skandaras
202988608,bumster
202988608,diggs
202988608,menelaus34
202988608,skandaras
202989813,mwaxy
202990966,bumster
202990966,dicedstk
202990966,menelaus34
202990966,skandaras
202991439,mwaxy
202992792,dicedstk
203003083,mwaxy
203011538,mwaxy
203019208,mwaxy
203025405,dicedstk
203027011,mwaxy
203030918,bumster
203030918,diggs
203030918,mwaxy
203030918,skandaras
203042100,bumster
203042100,diggs
203042100,mwaxy
203045068,bumster
203045068,diggs
203045068,loui8sdstk
203045068,mwaxy
203046283,bumster
203046283,dicedstk
203046283,diggs
203046283,loui8sdstk
203046283,mwaxy
203056264,menelaus34
203069557,mwaxy
203073331,loui8sdstk
203077332,mwaxy
203077394,mwaxy
203077678,mwaxy
203078425,mwaxy
203080540,mwaxy
203080574,loui8sdstk
203080574,skandaras
203081847,loui8sdstk
203086588,mwaxy
203087590,mwaxy
203141951,mwaxy
203143422,loui8sdstk
203174740,dicedstk
203174740,loui8sdstk
203185168,dicedstk
203185168,loui8sdstk
203217008,menelaus34
203217886,menelaus34
203219505,diggs
203219505,loui8sdstk
203232657,dicedstk
203232657,loui8sdstk
203240203,diggs
203240203,loui8sdstk
203240203,menelaus34
203243314,dicedstk
203243314,loui8sdstk
203367500,loui8sdstk
203398966,diggs
203445778,dicedstk
203445778,diggs
203445778,skandaras
203488557,loui8sdstk
203488557,skandaras
203492166,loui8sdstk
203492166,menelaus34
203492166,skandaras
203500497,loui8sdstk
203500497,skandaras
203503750,dicedstk
203503750,loui8sdstk
203503750,menelaus34
203503750,skandaras
203506158,bumster
203506158,dicedstk
203506158,skandaras
203599737,menelaus34
203602743,dicedstk
203607662,diggs
203607662,menelaus34
203632751,loui8sdstk
203633939,loui8sdstk
203637611,loui8sdstk
203639345,loui8sdstk
203675841,dicedstk
203678203,loui8sdstk
203688687,dicedstk
203689648,loui8sdstk
203696769,bumster
203696769,diggs
203696769,loui8sdstk
203720718,diggs
203720718,skandaras
203875186,diggs
203875186,loui8sdstk
203962651,loui8sdstk
203963914,loui8sdstk
203977358,diggs
203977358,loui8sdstk
203978640,diggs
203978640,loui8sdstk
203985993,diggs
203985993,loui8sdstk
204000025,diggs
204000025,loui8sdstk
204037614,diggs
204037614,loui8sdstk
204046587,diggs
204046587,loui8sdstk
204217520,bumster
204217520,diggs
204225633,bumster
204225633,diggs
204312186,loui8sdstk
204322925,loui8sdstk
204325198,diggs
204325198,loui8sdstk
204377768,bumster
204377768,diggs
204377768,skandaras
204378456,bumster
204378456,diggs
204378456,skandaras
204395738,diggs
204395738,skandaras
204406516,diggs
204406516,skandaras
204408581,diggs
204408581,skandaras
204419603,loui8sdstk
206556369,loui8sdstk
206556369,diggs
206545314,loui8sdstk
206545314,bumster
206545314,diggs
206544315,bumster
206544315,diggs
206551342,diggs
206377365,skandaras
206377365,dicedstk
206377365,diggs
206375461,skandaras
206375461,diggs
206360968,diggs
206131292,skandaras
206131292,diggs
206002354,loui8sdstk
206002354,skandaras
206002354,diggs
206011024,loui8sdstk
206011024,skandaras
206011024,diggs
205989398,loui8sdstk
205989398,skandaras
205989398,diggs
205860038,loui8sdstk
205860038,diggs
205838721,loui8sdstk
205838721,diggs
205846110,loui8sdstk
205846110,diggs
205763484,loui8sdstk
205763484,skandaras
205763484,diggs
205645393,loui8sdstk
205645393,bumster
205645393,diggs
205635403,loui8sdstk
205635403,bumster
205635403,diggs
205599210,loui8sdstk
205599210,diggs
205539489,loui8sdstk
205539489,diggs
205442021,loui8sdstk
205442021,diggs
206533940,bumster
205603434,loui8sdstk
205603434,bumster
205603434,dicedstk
205591912,loui8sdstk
205591912,skandaras
205591912,bumster
205591912,dicedstk
206573490,loui8sdstk
206571604,loui8sdstk
206507175,loui8sdstk
206515514,loui8sdstk
206514361,loui8sdstk
206390961,loui8sdstk
206330393,loui8sdstk
206319197,loui8sdstk
206251300,loui8sdstk
206239968,loui8sdstk
206238833,loui8sdstk
206227359,loui8sdstk
205394110,loui8sdstk
205394110,skandaras
205394110,dicedstk
205394110,diggs
206049098,dicedstk
205714342,loui8sdstk
205714342,dicedstk
208052728,skandaras
208052728,diggs
208060987,skandaras
208060987,diggs
208035488,loui8sdstk
208035488,diggs
207979772,skandaras
207979772,bumster
207979772,dicedstk
207979772,diggs
207988148,skandaras
207988148,bumster
207988148,dicedstk
207988148,diggs
207976642,skandaras
207976642,bumster
207976642,diggs
207885032,loui8sdstk
207885032,diggs
207885032,menelaus34
207874389,loui8sdstk
207874389,diggs
207874389,menelaus34
207882398,loui8sdstk
207882398,diggs
207882398,menelaus34
207867415,dicedstk
207867415,diggs
207867415,menelaus34
207520291,skandaras
207520291,dicedstk
207520291,diggs
207520291,menelaus34
207498542,skandaras
207498542,bumster
207498542,diggs
207295949,diggs
207276337,loui8sdstk
207276337,skandaras
207276337,bumster
207276337,diggs
207285339,bumster
207285339,diggs
207180656,diggs
207180656,menelaus34
207159739,diggs
207159739,menelaus34
207159084,diggs
207159084,menelaus34
207166611,diggs
207166611,menelaus34
207148444,skandaras
207148444,dicedstk
207148444,diggs
207146706,skandaras
207146706,diggs
207084232,diggs
207084232,menelaus34
207080634,diggs
207080634,menelaus34
206985936,bumster
206985936,diggs
206993792,diggs
206943699,loui8sdstk
206943699,diggs
206952209,loui8sdstk
206952209,bumster
206952209,diggs
206865510,loui8sdstk
206865510,bumster
206865510,diggs
206865510,menelaus34
206863984,loui8sdstk
206863984,bumster
206863984,diggs
206862690,loui8sdstk
206862690,bumster
206862690,diggs
206861562,loui8sdstk
206861562,bumster
206861562,diggs
206860302,bumster
206860302,diggs
206766218,skandaras
206766218,bumster
206766218,diggs
206735362,skandaras
206735362,bumster
206735362,diggs
206708953,bumster
206708953,diggs
206718046,bumster
206718046,diggs
206694873,loui8sdstk
206694873,bumster
206694873,dicedstk
206694873,diggs
206693598,loui8sdstk
206693598,bumster
206693598,dicedstk
206693598,diggs
206691635,loui8sdstk
206691635,dicedstk
206691635,diggs
206690331,loui8sdstk
206690331,dicedstk
206690331,diggs
206678615,skandaras
206678615,dicedstk
206678615,diggs
205401185,loui8sdstk
205401185,diggs
205071917,loui8sdstk
205071917,diggs
205069758,loui8sdstk
205069758,diggs
204711062,loui8sdstk
204711062,diggs
204564353,loui8sdstk
204564353,diggs
204553055,loui8sdstk
204553055,diggs
208002829,loui8sdstk
208002829,bumster
208002829,dicedstk
207991729,loui8sdstk
207991729,bumster
207991729,dicedstk
207812871,loui8sdstk
207812871,skandaras
207812871,bumster
207812871,dicedstk
207812871,menelaus34
207820984,loui8sdstk
207820984,skandaras
207820984,bumster
207820984,dicedstk
207820984,menelaus34
207799749,loui8sdstk
207799749,skandaras
207799749,bumster
207799749,menelaus34
207446312,bumster
207446312,menelaus34
207435344,bumster
207435344,menelaus34
208123939,loui8sdstk
207881087,loui8sdstk
207881087,menelaus34
207762701,loui8sdstk
207558556,loui8sdstk
207551851,loui8sdstk
207560430,loui8sdstk
207490987,loui8sdstk
207474294,loui8sdstk
207316122,loui8sdstk
207316122,menelaus34
207324158,loui8sdstk
207324158,menelaus34
207321584,loui8sdstk
207300178,loui8sdstk
207289824,loui8sdstk
207000709,loui8sdstk
207000709,dicedstk
206998855,loui8sdstk
206998855,dicedstk
206980297,loui8sdstk
206855796,loui8sdstk
206845645,loui8sdstk
206739595,loui8sdstk
206739595,dicedstk
206767768,loui8sdstk
206713056,loui8sdstk
206702388,loui8sdstk
206650174,loui8sdstk
206639825,loui8sdstk
205722384,loui8sdstk
205433626,loui8sdstk
205320690,loui8sdstk
205309566,loui8sdstk
205142554,loui8sdstk
205093436,loui8sdstk
205092639,loui8sdstk
205091305,loui8sdstk
205100264,loui8sdstk
205088490,loui8sdstk
205087514,loui8sdstk
205073464,loui8sdstk
205068068,loui8sdstk
204977477,loui8sdstk
204862117,loui8sdstk
204880455,loui8sdstk
204848598,loui8sdstk
204559480,loui8sdstk
204567886,loui8sdstk
175924855,smatties
175924855,skandaras
175924855,menelaus34
174786787,menelaus34
174786787,smatties
174786787,skandaras
174786787,dicedstk
174718042,smatties
174718042,skandaras
174718042,menelaus34
174717322,smatties
174717322,skandaras
174717322,menelaus34
173209198,smatties
173209198,dicedstk
173209198,menelaus34
171348003,skandaras
171348003,smatties
171348003,menelaus34
171237265,skandaras
171237265,smatties
171237265,menelaus34
168928211,smatties
168928211,menelaus34
167525853,smatties
167525853,dicedstk
167525853,skandaras
167535158,smatties
167535158,dicedstk
167535158,skandaras
206822152,skandaras
206822152,dicedstk
206821559,skandaras
206821559,dicedstk
206820278,skandaras
206820278,dicedstk
206818069,skandaras
206818069,dicedstk
207865702,dicedstk
207865702,menelaus34
207854696,dicedstk
207854696,menelaus34
207442725,menelaus34
207096318,menelaus34
207085161,menelaus34
207082295,menelaus34
208246245,dicedstk
208231526,dicedstk
208139786,dicedstk
207959862,dicedstk
207242724,dicedstk
167357853,smatties
167357853,skandaras
167357853,loui9sdstk
167130283,dicedstk
167130283,skandaras
167130283,loui9sdstk
166750647,smatties
166750647,skandaras
166750647,loui9sdstk
166750198,smatties
166750198,skandaras
166750198,loui9sdstk
166404065,skandaras
166404065,loui9sdstk
166403507,skandaras
166403507,loui9sdstk
166252368,skandaras
166252368,loui9sdstk
166261853,skandaras
166261853,loui9sdstk
166251292,skandaras
166251292,loui9sdstk
166250742,skandaras
166250742,loui9sdstk
166069987,smatties
166069987,skandaras
166069987,loui9sdstk
165918616,smatties
165918616,skandaras
165918616,loui9sdstk
153690419,skandaras
153690419,loui9sdstk
153440967,skandaras
153440967,loui9sdstk
153389841,skandaras
153389841,loui9sdstk
153440043,skandaras
153440043,loui9sdstk
153379283,skandaras
153379283,loui9sdstk
153388140,skandaras
153388140,loui9sdstk
153387526,skandaras
153387526,loui9sdstk
153377223,skandaras
153377223,loui9sdstk
153386252,skandaras
153386252,loui9sdstk
153385519,skandaras
153385519,loui9sdstk
153375339,skandaras
153375339,loui9sdstk
153096893,skandaras
153096893,menelaus34
153096893,loui9sdstk
153086820,skandaras
153086820,menelaus34
153086820,loui9sdstk
153096213,smatties
153096213,skandaras
153096213,loui9sdstk
153085904,smatties
153085904,skandaras
153085904,loui9sdstk
153095462,smatties
153095462,skandaras
153095462,bumster
153095462,loui9sdstk
152947741,loui9sdstk
152938068,loui9sdstk
152907325,loui9sdstk
152895820,skandaras
152895820,loui9sdstk
152905130,skandaras
152905130,loui9sdstk
152894769,skandaras
152894769,loui9sdstk
152894114,skandaras
152894114,loui9sdstk
152058463,skandaras
152058463,loui9sdstk
151641441,dicedstk
151641441,skandaras
151641441,loui9sdstk
151640611,smatties
151640611,dicedstk
151640611,skandaras
151640611,loui9sdstk
151557280,smatties
151557280,skandaras
151557280,menelaus34
151557280,loui9sdstk
151127506,dicedstk
151127506,skandaras
151127506,loui9sdstk
151126833,skandaras
151126833,loui9sdstk
150803519,skandaras
150803519,loui9sdstk
150803210,skandaras
150803210,loui9sdstk
150725068,smatties
150725068,skandaras
150725068,bumster
150725068,loui9sdstk
150529734,smatties
150529734,skandaras
150529734,bumster
150529734,loui9sdstk
150529103,smatties
150529103,skandaras
150529103,bumster
150529103,loui9sdstk
150064280,dicedstk
150064280,loui9sdstk
148894490,smatties
148894490,bumster
148894490,loui9sdstk
148903940,smatties
148903940,bumster
148903940,loui9sdstk
148893268,bumster
148893268,loui9sdstk
148892501,loui9sdstk
148892501,diggs
148825668,smatties
148825668,dicedstk
148825668,bumster
148825668,loui9sdstk
148815145,smatties
148815145,dicedstk
148815145,bumster
148815145,loui9sdstk
148824280,dicedstk
148824280,loui9sdstk
148823640,dicedstk
148823640,loui9sdstk
148823070,loui9sdstk
148710131,loui9sdstk
148710131,smatties
148710131,bumster
148710131,mwaxy
148688207,bumster
148688207,smatties
148688207,mwaxy
148688207,loui9sdstk
148686082,loui9sdstk
148686082,bumster
148686082,mwaxy
148701580,loui9sdstk
148701580,mwaxy
148335605,loui9sdstk
148340512,loui9sdstk
148333295,loui9sdstk
148333295,mwaxy
148307005,loui9sdstk
148307005,mwaxy
148305699,loui9sdstk
148299372,loui9sdstk
147888775,loui9sdstk
147888775,dicedstk
147886014,loui9sdstk
147886014,dicedstk
147871856,loui9sdstk
147626515,loui9sdstk
147625210,loui9sdstk
147632021,loui9sdstk
147571370,skandaras
147571370,loui9sdstk
147571370,dicedstk
147559852,skandaras
147559852,loui9sdstk
147559852,dicedstk
146656279,loui9sdstk
146656279,skandaras
146656279,dicedstk146347148,skandaras
146347148,loui9sdstk
146347148,diggs
146347148,dicedstk
